LM121,1,1,CS4012,CS300
LM121,1,1,CS4012,CS300A
LM121,1,1,CS4012,CS300B
LM121,1,1,CS4012,CS300C
LM121,1,1,CS4012,CS300D
LM121,1,1,MS4111,CS300
LM121,1,1,MS4111,CS300A
LM121,1,1,MS4111,CS300B
LM121,1,1,MS4111,CS300C
LM121,1,1,MS4111,CS300D
LM121,1,1,ET4011,CS300
LM121,1,1,ET4011,CS300A
LM121,1,1,ET4011,CS300B
LM121,1,1,ET4011,CS300C
LM121,1,1,ET4011,CS300D
LM121,1,1,CS4141,CS300
LM121,1,1,CS4141,CS300A
LM121,1,1,CS4141,CS300B
LM121,1,1,CS4141,CS300C
LM121,1,1,CS4141,CS300D
LM121,1,1,CS4221,CS300
LM121,1,1,CS4221,CS300A
LM121,1,1,CS4221,CS300B
LM121,1,1,CS4221,CS300C
LM121,1,1,CS4221,CS300D
LM121,1,2,CS4043,CS300
LM121,1,2,CS4043,CS300A
LM121,1,2,CS4043,CS300B
LM121,1,2,CS4043,CS300C
LM121,1,2,CS4043,CS300D
LM121,1,2,CS4222,CS300
LM121,1,2,CS4222,CS300A
LM121,1,2,CS4222,CS300B
LM121,1,2,CS4222,CS300C
LM121,1,2,CS4222,CS300D
LM121,1,2,CS4182,CS300
LM121,1,2,CS4182,CS300A
LM121,1,2,CS4182,CS300B
LM121,1,2,CS4182,CS300C
LM121,1,2,CS4182,CS300D
LM121,1,2,ET4162,CS300
LM121,1,2,ET4162,CS300A
LM121,1,2,ET4162,CS300B
LM121,1,2,ET4162,CS300C
LM121,1,2,ET4162,CS300D
LM121,1,2,MA4402,CS300
LM121,1,2,MA4402,CS300A
LM121,1,2,MA4402,CS300B
LM121,1,2,MA4402,CS300C
LM121,1,2,MA4402,CS300D
LM121,2,1,CS4013,CS301
LM121,2,1,CS4013,CS301A
LM121,2,1,CS4013,CS301B
LM121,2,1,CS4013,CS301C
LM121,2,1,CS4013,CS301D
LM121,2,1,CS4023,CS301
LM121,2,1,CS4023,CS301A
LM121,2,1,CS4023,CS301B
LM121,2,1,CS4023,CS301C
LM121,2,1,CS4023,CS301D
LM121,2,1,CS4416,CS301
LM121,2,1,CS4416,CS301A
LM121,2,1,CS4416,CS301B
LM121,2,1,CS4416,CS301C
LM121,2,1,CS4416,CS301D
LM121,2,1,CS4004,CS301
LM121,2,1,CS4004,CS301A
LM121,2,1,CS4004,CS301B
LM121,2,1,CS4004,CS301C
LM121,2,1,CS4004,CS301D
LM121,2,1,CS4178,CS301
LM121,2,1,CS4178,CS301A
LM121,2,1,CS4178,CS301B
LM121,2,1,CS4178,CS301C
LM121,2,1,CS4178,CS301D
LM121,2,2,CS4006,CS301
LM121,2,2,CS4006,CS301A
LM121,2,2,CS4006,CS301B
LM121,2,2,CS4006,CS301C
LM121,2,2,CS4006,CS301D
LM121,2,2,CS4076,CS301
LM121,2,2,CS4076,CS301A
LM121,2,2,CS4076,CS301B
LM121,2,2,CS4076,CS301C
LM121,2,2,CS4076,CS301D
LM121,2,2,CS4115,CS301
LM121,2,2,CS4115,CS301A
LM121,2,2,CS4115,CS301B
LM121,2,2,CS4115,CS301C
LM121,2,2,CS4115,CS301D
LM121,2,2,CS4815,CS301
LM121,2,2,CS4815,CS301A
LM121,2,2,CS4815,CS301B
LM121,2,2,CS4815,CS301C
LM121,2,2,CS4815,CS301D
LM121,2,2,MA4413,CS301
LM121,2,2,MA4413,CS301A
LM121,2,2,MA4413,CS301B
LM121,2,2,MA4413,CS301C
LM121,2,2,MA4413,CS301D
LM121,3,2,CS4457,CS302
LM121,3,2,CS4457,CS302A
LM121,3,2,CS4457,CS302B
LM121,3,2,CS4457,CS302C
LM121,3,2,CS4457,CS302D
LM121,3,2,CS4187,CS302
LM121,3,2,CS4187,CS302A
LM121,3,2,CS4187,CS302B
LM121,3,2,CS4187,CS302C
LM121,3,2,CS4187,CS302D
LM121,3,2,CS4084,CS302
LM121,3,2,CS4084,CS302A
LM121,3,2,CS4084,CS302B
LM121,3,2,CS4084,CS302C
LM121,3,2,CS4084,CS302D
LM121,3,2,CS4116,CS302
LM121,3,2,CS4116,CS302A
LM121,3,2,CS4116,CS302B
LM121,3,2,CS4116,CS302C
LM121,3,2,CS4116,CS302D
LM121,3,2,CS4106,CS302
LM121,3,2,CS4106,CS302A
LM121,3,2,CS4106,CS302B
LM121,3,2,CS4106,CS302C
LM121,3,2,CS4106,CS302D
LM121,4,1,CS4617,CS303
LM121,4,1,CS4617,CS303A
LM121,4,1,CS4617,CS303B
LM121,4,1,CS4617,CS303C
LM121,4,1,CS4617,CS303D
LM121,4,1,CS4125,CS303
LM121,4,1,CS4125,CS303A
LM121,4,1,CS4125,CS303B
LM121,4,1,CS4125,CS303C
LM121,4,1,CS4125,CS303D
LM121,4,1,CS4207,CS303
LM121,4,1,CS4207,CS303A
LM121,4,1,CS4207,CS303B
LM121,4,1,CS4207,CS303C
LM121,4,1,CS4207,CS303D
LM121,4,1,CS4337,CS303
LM121,4,1,CS4337,CS303A
LM121,4,1,CS4337,CS303B
LM121,4,1,CS4337,CS303C
LM121,4,1,CS4337,CS303D
LM121,4,1,CS4287,CS303
LM121,4,1,CS4287,CS303A
LM121,4,1,CS4287,CS303B
LM121,4,1,CS4287,CS303C
LM121,4,1,CS4287,CS303D
LM121,4,2,CS4618,CS303
LM121,4,2,CS4618,CS303A
LM121,4,2,CS4618,CS303B
LM121,4,2,CS4618,CS303C
LM121,4,2,CS4618,CS303D
LM121,4,2,CS4227,CS303
LM121,4,2,CS4227,CS303A
LM121,4,2,CS4227,CS303B
LM121,4,2,CS4227,CS303C
LM121,4,2,CS4227,CS303D
LM121,4,2,CS4158,CS303
LM121,4,2,CS4158,CS303A
LM121,4,2,CS4158,CS303B
LM121,4,2,CS4158,CS303C
LM121,4,2,CS4158,CS303D
LM121,4,2,CS4168,CS303
LM121,4,2,CS4168,CS303A
LM121,4,2,CS4168,CS303B
LM121,4,2,CS4168,CS303C
LM121,4,2,CS4168,CS303D
LM174,1,1,CS4171,AI300
LM174,1,1,CS4171,AI300A
LM174,1,1,MS4131,AI300
LM174,1,1,MS4131,AI300A
LM174,1,1,MS4021,AI300
LM174,1,1,MS4021,AI300A
LM174,1,1,CS4012,AI300
LM174,1,1,CS4012,AI300A
LM174,1,1,CS4141,AI300
LM174,1,1,CS4141,AI300A
LM174,1,2,CS4182,AI300
LM174,1,2,CS4182,AI300A
LM174,1,2,CS4222,AI300
LM174,1,2,CS4222,AI300A
LM174,1,2,CS4242,AI300
LM174,1,2,CS4242,AI300A
LM174,1,2,MS4022,AI300
LM174,1,2,MS4022,AI300A
LM174,1,2,MS4122,AI300
LM174,1,2,MS4122,AI300A
LM174,2,1,CS4013,AI301
LM174,2,1,CS4013,AI301A
LM174,2,1,CS4023,AI301
LM174,2,1,CS4023,AI301A
LM174,2,1,CS4096,AI301
LM174,2,1,CS4096,AI301A
LM174,2,1,CS4416,AI301
LM174,2,1,CS4416,AI301A
LM174,2,1,MS4613,AI301
LM174,2,1,MS4613,AI301A
LM174,2,2,CS4006,AI301
LM174,2,2,CS4006,AI301A
LM174,2,2,CS4076,AI304
LM174,2,2,CS4076,AI301A
LM174,2,2,CS4115,AI301
LM174,2,2,CS4115,AI301A
LM174,2,2,CS4815,AI301
LM174,2,2,CS4815,AI301A
LM174,2,2,MA4004,AI301
LM174,2,2,MA4004,AI301A
LM174,3,2,CS4106,AI302
LM174,3,2,CS4106,AI302A
LM174,3,2,CS4187,AI302
LM174,3,2,CS4187,AI302A
LM174,3,2,CS4457,AI302
LM174,3,2,CS4457,AI302A
LM174,3,2,CS4136,AI302
LM174,3,2,CS4136,AI302A
LM174,3,2,MS4303,AI302
LM174,3,2,MS4303,AI302A
LM174,4,1,CS4928,AI303
LM174,4,1,CS4928,AI303A
LM174,4,1,CS4287,AI303
LM174,4,1,CS4287,AI303A
LM174,4,1,CS4297,AI303
LM174,4,1,CS4297,AI303A
LM174,4,1,CS6361,AI303
LM174,4,1,CS6361,AI303A
LM174,4,2,CS4938,AI303
LM174,4,2,CS4938,AI303A
LM174,4,2,CS4168,AI303
LM174,4,2,CS4168,AI303A
LM174,4,2,CS4135,AI303
LM174,4,2,CS4135,AI303A
LM174,4,2,CS4108,AI303
LM174,4,2,CS4108,AI303A
LM174,4,2,CS4469,AI303
LM174,4,2,CS4469,AI303A
